<!--
Thank you to Stinth for the big help with the automatic mapping scripts!
Also thanks to Mombe, Gemsplitter, Mendo, Kvisky, Zivils, Omny
-->
<Ui xmlns="http://www.blizzard.com/wow/ui/">
    <Script file='DeOtherSide.lua'/>
    <Script file='HallsOfAtonement.lua'/>
    <Script file='MistsOfTirnaScithe.lua'/>
    <Script file='Plaguefall.lua'/>
    <Script file='SanguineDepths.lua'/>
    <Script file='SpiresOfAscension.lua'/>
    <Script file='TheNecroticWake.lua'/>
    <Script file='TheaterOfPain.lua'/>
</Ui>